[
{
  "model": "home.homepage",
  "pk": 3,
  "fields": {
    "page_ptr": 3
  }
},
{
  "model": "locations.service",
  "pk": 1,
  "fields": {
    "name": "Nails"
  }
},
{
  "model": "locations.professional",
  "pk": 1,
  "fields": {
    "sort_order": 0,
    "name": "Robert Landon",
    "photo": 1,
    "phone_number": "+1234567890",
    "website": "http://www.robertlandon.com",
    "service": 1,
    "page": 5
  }
},
{
  "model": "locations.professional",
  "pk": 2,
  "fields": {
    "sort_order": 1,
    "name": "Another expert",
    "photo": 1,
    "phone_number": "+654322124134",
    "website": "",
    "service": 1,
    "page": 5
  }
},
{
  "model": "locations.locationpage",
  "pk": 5,
  "fields": {
    "page_ptr": 5,
    "address_line": "hey my location",
    "address_optional": "",
    "city": "Miami",
    "zip_code": "123456",
    "state_code": "FL",
    "phone_number": "+1234567890",
    "email": "beautiful@salon.com"
  }
},
{
  "model": "locations.locationsindexpage",
  "pk": 4,
  "fields": {
    "page_ptr": 4
  }
},
{
  "model": "wagtailimages.image",
  "pk": 1,
  "fields": {
    "collection": 1,
    "title": "Robert",
    "file": "original_images/profile.jpg",
    "width": 450,
    "height": 450,
    "created_at": "2020-10-21T22:37:00.456Z",
    "uploaded_by_user": null,
    "focal_point_x": null,
    "focal_point_y": null,
    "focal_point_width": null,
    "focal_point_height": null,
    "file_size": 11913,
    "file_hash": "21aaf75d11898490226e11e90c53f4db0dbbbd46"
  }
},
{
  "model": "wagtailimages.rendition",
  "pk": 1,
  "fields": {
    "filter_spec": "max-165x165",
    "file": "images/profile.max-165x165.jpg",
    "width": 165,
    "height": 165,
    "focal_point_key": "",
    "image": 1
  }
},
{
  "model": "wagtailimages.rendition",
  "pk": 2,
  "fields": {
    "filter_spec": "max-320x200",
    "file": "images/profile.max-320x200.jpg",
    "width": 200,
    "height": 200,
    "focal_point_key": "",
    "image": 1
  }
},
{
  "model": "wagtailcore.site",
  "fields": {
    "hostname": "localhost",
    "port": 80,
    "site_name": "",
    "root_page": 3,
    "is_default_site": true
  }
},
{
  "model": "wagtailcore.page",
  "pk": 1,
  "fields": {
    "path": "0001",
    "depth": 1,
    "numchild": 1,
    "title": "Root",
    "draft_title": "Root",
    "slug": "root",
    "content_type": [
      "wagtailcore",
      "page"
    ],
    "live": true,
    "has_unpublished_changes": false,
    "url_path": "/",
    "owner": null,
    "seo_title": "",
    "show_in_menus": false,
    "search_description": "",
    "go_live_at": null,
    "expire_at": null,
    "expired": false,
    "locked": false,
    "locked_at": null,
    "locked_by": null,
    "first_published_at": null,
    "last_published_at": null,
    "latest_revision_created_at": null,
    "live_revision": null
  }
},
{
  "model": "wagtailcore.page",
  "pk": 3,
  "fields": {
    "path": "00010001",
    "depth": 2,
    "numchild": 1,
    "title": "SUMMIT Salon Studios",
    "draft_title": "SUMMIT Salon Studios",
    "slug": "home",
    "content_type": [
      "home",
      "homepage"
    ],
    "live": true,
    "has_unpublished_changes": false,
    "url_path": "/home/",
    "owner": null,
    "seo_title": "",
    "show_in_menus": false,
    "search_description": "",
    "go_live_at": null,
    "expire_at": null,
    "expired": false,
    "locked": false,
    "locked_at": null,
    "locked_by": null,
    "first_published_at": "2020-10-20T13:53:15.352Z",
    "last_published_at": "2020-10-20T13:53:15.352Z",
    "latest_revision_created_at": "2020-10-20T13:53:15.322Z",
    "live_revision": 1
  }
},
{
  "model": "wagtailcore.page",
  "pk": 4,
  "fields": {
    "path": "000100010001",
    "depth": 3,
    "numchild": 1,
    "title": "Locations",
    "draft_title": "Locations",
    "slug": "locations",
    "content_type": [
      "locations",
      "locationsindexpage"
    ],
    "live": true,
    "has_unpublished_changes": false,
    "url_path": "/home/locations/",
    "owner": null,
    "seo_title": "",
    "show_in_menus": false,
    "search_description": "",
    "go_live_at": null,
    "expire_at": null,
    "expired": false,
    "locked": false,
    "locked_at": null,
    "locked_by": null,
    "first_published_at": "2020-10-21T13:05:23.247Z",
    "last_published_at": "2020-10-21T13:05:23.247Z",
    "latest_revision_created_at": "2020-10-21T13:05:23.225Z",
    "live_revision": 2
  }
},
{
  "model": "wagtailcore.page",
  "pk": 5,
  "fields": {
    "path": "0001000100010001",
    "depth": 4,
    "numchild": 0,
    "title": "My beautiful salon",
    "draft_title": "My beautiful salon",
    "slug": "my-beautiful-salon",
    "content_type": [
      "locations",
      "locationpage"
    ],
    "live": true,
    "has_unpublished_changes": false,
    "url_path": "/home/locations/my-beautiful-salon/",
    "owner": null,
    "seo_title": "",
    "show_in_menus": false,
    "search_description": "",
    "go_live_at": null,
    "expire_at": null,
    "expired": false,
    "locked": false,
    "locked_at": null,
    "locked_by": null,
    "first_published_at": "2020-10-21T13:11:36.435Z",
    "last_published_at": "2020-10-21T22:48:32.374Z",
    "latest_revision_created_at": "2020-10-21T22:48:32.328Z",
    "live_revision": 9
  }
},
{
  "model": "wagtailcore.pagerevision",
  "pk": 1,
  "fields": {
    "page": 3,
    "submitted_for_moderation": false,
    "created_at": "2020-10-20T13:53:15.322Z",
    "user": null,
    "content_json": "{\"pk\": 3, \"path\": \"00010001\", \"depth\": 2, \"numchild\": 0, \"title\": \"SUMMIT Salon Studios\", \"draft_title\": \"Home\", \"slug\": \"home\", \"content_type\": 2, \"live\": true, \"has_unpublished_changes\": false, \"url_path\": \"/home/\", \"owner\": null, \"seo_title\": \"\", \"show_in_menus\": false, \"search_description\": \"\", \"go_live_at\": null, \"expire_at\": null, \"expired\": false, \"locked\": false, \"locked_at\": null, \"locked_by\": null, \"first_published_at\": null, \"last_published_at\": null, \"latest_revision_created_at\": null, \"live_revision\": null}",
    "approved_go_live_at": null
  }
},
{
  "model": "wagtailcore.pagerevision",
  "pk": 2,
  "fields": {
    "page": 4,
    "submitted_for_moderation": false,
    "created_at": "2020-10-21T13:05:23.225Z",
    "user": null,
    "content_json": "{\"pk\": 4, \"path\": \"000100010001\", \"depth\": 3, \"numchild\": 0, \"title\": \"Locations\", \"draft_title\": \"Locations\", \"slug\": \"locations\", \"content_type\": 37, \"live\": true, \"has_unpublished_changes\": false, \"url_path\": \"/home/locations/\", \"owner\": 1, \"seo_title\": \"\", \"show_in_menus\": false, \"search_description\": \"\", \"go_live_at\": null, \"expire_at\": null, \"expired\": false, \"locked\": false, \"locked_at\": null, \"locked_by\": null, \"first_published_at\": null, \"last_published_at\": null, \"latest_revision_created_at\": null, \"live_revision\": null}",
    "approved_go_live_at": null
  }
},
{
  "model": "wagtailcore.pagerevision",
  "pk": 3,
  "fields": {
    "page": 5,
    "submitted_for_moderation": false,
    "created_at": "2020-10-21T13:11:11.717Z",
    "user": null,
    "content_json": "{\"pk\": 5, \"path\": \"0001000100010001\", \"depth\": 4, \"numchild\": 0, \"title\": \"My beautiful salon\", \"draft_title\": \"My beautiful salon\", \"slug\": \"my-beautiful-salon\", \"content_type\": 40, \"live\": false, \"has_unpublished_changes\": false, \"url_path\": \"/home/locations/my-beautiful-salon/\", \"owner\": 1, \"seo_title\": \"\", \"show_in_menus\": false, \"search_description\": \"\", \"go_live_at\": null, \"expire_at\": null, \"expired\": false, \"locked\": false, \"locked_at\": null, \"locked_by\": null, \"first_published_at\": null, \"last_published_at\": null, \"latest_revision_created_at\": null, \"live_revision\": null, \"address_line\": \"hey my location\", \"address_optional\": \"\", \"city\": \"Miami\", \"zip_code\": \"123456\", \"state_code\": \"FL\", \"phone_number\": \"+1234567890\", \"email\": \"beautiful@salon.com\", \"professionals\": [{\"pk\": 1, \"sort_order\": 0, \"name\": \"Robert Landon\", \"phone_number\": \"+1234567890\", \"website\": \"http://www.robertlandon.com\", \"service\": null, \"page\": 5}]}",
    "approved_go_live_at": null
  }
},
{
  "model": "wagtailcore.pagerevision",
  "pk": 4,
  "fields": {
    "page": 5,
    "submitted_for_moderation": false,
    "created_at": "2020-10-21T13:11:36.410Z",
    "user": null,
    "content_json": "{\"pk\": 5, \"path\": \"0001000100010001\", \"depth\": 4, \"numchild\": 0, \"title\": \"My beautiful salon\", \"draft_title\": \"My beautiful salon\", \"slug\": \"my-beautiful-salon\", \"content_type\": 40, \"live\": false, \"has_unpublished_changes\": true, \"url_path\": \"/home/locations/my-beautiful-salon/\", \"owner\": 1, \"seo_title\": \"\", \"show_in_menus\": false, \"search_description\": \"\", \"go_live_at\": null, \"expire_at\": null, \"expired\": false, \"locked\": false, \"locked_at\": null, \"locked_by\": null, \"first_published_at\": null, \"last_published_at\": null, \"latest_revision_created_at\": \"2020-10-21T13:11:11.717Z\", \"live_revision\": null, \"address_line\": \"hey my location\", \"address_optional\": \"\", \"city\": \"Miami\", \"zip_code\": \"123456\", \"state_code\": \"FL\", \"phone_number\": \"+1234567890\", \"email\": \"beautiful@salon.com\", \"professionals\": [{\"pk\": 1, \"sort_order\": 0, \"name\": \"Robert Landon\", \"phone_number\": \"+1234567890\", \"website\": \"http://www.robertlandon.com\", \"service\": null, \"page\": null}]}",
    "approved_go_live_at": null
  }
},
{
  "model": "wagtailcore.pagerevision",
  "pk": 5,
  "fields": {
    "page": 5,
    "submitted_for_moderation": false,
    "created_at": "2020-10-21T13:28:22.722Z",
    "user": null,
    "content_json": "{\"pk\": 5, \"path\": \"0001000100010001\", \"depth\": 4, \"numchild\": 0, \"title\": \"My beautiful salon\", \"draft_title\": \"My beautiful salon\", \"slug\": \"my-beautiful-salon\", \"content_type\": 40, \"live\": true, \"has_unpublished_changes\": false, \"url_path\": \"/home/locations/my-beautiful-salon/\", \"owner\": 1, \"seo_title\": \"\", \"show_in_menus\": false, \"search_description\": \"\", \"go_live_at\": null, \"expire_at\": null, \"expired\": false, \"locked\": false, \"locked_at\": null, \"locked_by\": null, \"first_published_at\": \"2020-10-21T13:11:36.435Z\", \"last_published_at\": \"2020-10-21T13:11:36.435Z\", \"latest_revision_created_at\": \"2020-10-21T13:11:36.410Z\", \"live_revision\": 4, \"address_line\": \"hey my location\", \"address_optional\": \"\", \"city\": \"Miami\", \"zip_code\": \"123456\", \"state_code\": \"FL\", \"phone_number\": \"+1234567890\", \"email\": \"beautiful@salon.com\", \"professionals\": [{\"pk\": 1, \"sort_order\": 0, \"name\": \"Robert Landon\", \"phone_number\": \"+1234567890\", \"website\": \"http://www.robertlandon.com\", \"service\": 1, \"page\": 5}]}",
    "approved_go_live_at": null
  }
},
{
  "model": "wagtailcore.pagerevision",
  "pk": 6,
  "fields": {
    "page": 5,
    "submitted_for_moderation": false,
    "created_at": "2020-10-21T22:37:52.485Z",
    "user": null,
    "content_json": "{\"pk\": 5, \"path\": \"0001000100010001\", \"depth\": 4, \"numchild\": 0, \"title\": \"My beautiful salon\", \"draft_title\": \"My beautiful salon\", \"slug\": \"my-beautiful-salon\", \"content_type\": 40, \"live\": true, \"has_unpublished_changes\": false, \"url_path\": \"/home/locations/my-beautiful-salon/\", \"owner\": 1, \"seo_title\": \"\", \"show_in_menus\": false, \"search_description\": \"\", \"go_live_at\": null, \"expire_at\": null, \"expired\": false, \"locked\": false, \"locked_at\": null, \"locked_by\": null, \"first_published_at\": \"2020-10-21T13:11:36.435Z\", \"last_published_at\": \"2020-10-21T13:28:22.823Z\", \"latest_revision_created_at\": \"2020-10-21T13:28:22.722Z\", \"live_revision\": 5, \"address_line\": \"hey my location\", \"address_optional\": \"\", \"city\": \"Miami\", \"zip_code\": \"123456\", \"state_code\": \"FL\", \"phone_number\": \"+1234567890\", \"email\": \"beautiful@salon.com\", \"professionals\": [{\"pk\": 1, \"sort_order\": 0, \"name\": \"Robert Landon\", \"photo\": null, \"phone_number\": \"+1234567890\", \"website\": \"http://www.robertlandon.com\", \"service\": 1, \"page\": 5}]}",
    "approved_go_live_at": null
  }
},
{
  "model": "wagtailcore.pagerevision",
  "pk": 7,
  "fields": {
    "page": 5,
    "submitted_for_moderation": false,
    "created_at": "2020-10-21T22:38:01.245Z",
    "user": null,
    "content_json": "{\"pk\": 5, \"path\": \"0001000100010001\", \"depth\": 4, \"numchild\": 0, \"title\": \"My beautiful salon\", \"draft_title\": \"My beautiful salon\", \"slug\": \"my-beautiful-salon\", \"content_type\": 40, \"live\": true, \"has_unpublished_changes\": true, \"url_path\": \"/home/locations/my-beautiful-salon/\", \"owner\": 1, \"seo_title\": \"\", \"show_in_menus\": false, \"search_description\": \"\", \"go_live_at\": null, \"expire_at\": null, \"expired\": false, \"locked\": false, \"locked_at\": null, \"locked_by\": null, \"first_published_at\": \"2020-10-21T13:11:36.435Z\", \"last_published_at\": \"2020-10-21T13:28:22.823Z\", \"latest_revision_created_at\": \"2020-10-21T22:37:52.485Z\", \"live_revision\": 5, \"address_line\": \"hey my location\", \"address_optional\": \"\", \"city\": \"Miami\", \"zip_code\": \"123456\", \"state_code\": \"FL\", \"phone_number\": \"+1234567890\", \"email\": \"beautiful@salon.com\", \"professionals\": [{\"pk\": 1, \"sort_order\": 0, \"name\": \"Robert Landon\", \"photo\": 1, \"phone_number\": \"+1234567890\", \"website\": \"http://www.robertlandon.com\", \"service\": 1, \"page\": 5}]}",
    "approved_go_live_at": null
  }
},
{
  "model": "wagtailcore.pagerevision",
  "pk": 8,
  "fields": {
    "page": 5,
    "submitted_for_moderation": false,
    "created_at": "2020-10-21T22:38:08.783Z",
    "user": null,
    "content_json": "{\"pk\": 5, \"path\": \"0001000100010001\", \"depth\": 4, \"numchild\": 0, \"title\": \"My beautiful salon\", \"draft_title\": \"My beautiful salon\", \"slug\": \"my-beautiful-salon\", \"content_type\": 40, \"live\": true, \"has_unpublished_changes\": true, \"url_path\": \"/home/locations/my-beautiful-salon/\", \"owner\": 1, \"seo_title\": \"\", \"show_in_menus\": false, \"search_description\": \"\", \"go_live_at\": null, \"expire_at\": null, \"expired\": false, \"locked\": false, \"locked_at\": null, \"locked_by\": null, \"first_published_at\": \"2020-10-21T13:11:36.435Z\", \"last_published_at\": \"2020-10-21T13:28:22.823Z\", \"latest_revision_created_at\": \"2020-10-21T22:38:01.245Z\", \"live_revision\": 5, \"address_line\": \"hey my location\", \"address_optional\": \"\", \"city\": \"Miami\", \"zip_code\": \"123456\", \"state_code\": \"FL\", \"phone_number\": \"+1234567890\", \"email\": \"beautiful@salon.com\", \"professionals\": [{\"pk\": 1, \"sort_order\": 0, \"name\": \"Robert Landon\", \"photo\": 1, \"phone_number\": \"+1234567890\", \"website\": \"http://www.robertlandon.com\", \"service\": 1, \"page\": null}]}",
    "approved_go_live_at": null
  }
},
{
  "model": "wagtailcore.pagerevision",
  "pk": 9,
  "fields": {
    "page": 5,
    "submitted_for_moderation": false,
    "created_at": "2020-10-21T22:48:32.328Z",
    "user": null,
    "content_json": "{\"pk\": 5, \"path\": \"0001000100010001\", \"depth\": 4, \"numchild\": 0, \"title\": \"My beautiful salon\", \"draft_title\": \"My beautiful salon\", \"slug\": \"my-beautiful-salon\", \"content_type\": 40, \"live\": true, \"has_unpublished_changes\": false, \"url_path\": \"/home/locations/my-beautiful-salon/\", \"owner\": 1, \"seo_title\": \"\", \"show_in_menus\": false, \"search_description\": \"\", \"go_live_at\": null, \"expire_at\": null, \"expired\": false, \"locked\": false, \"locked_at\": null, \"locked_by\": null, \"first_published_at\": \"2020-10-21T13:11:36.435Z\", \"last_published_at\": \"2020-10-21T22:38:08.818Z\", \"latest_revision_created_at\": \"2020-10-21T22:38:08.783Z\", \"live_revision\": 8, \"address_line\": \"hey my location\", \"address_optional\": \"\", \"city\": \"Miami\", \"zip_code\": \"123456\", \"state_code\": \"FL\", \"phone_number\": \"+1234567890\", \"email\": \"beautiful@salon.com\", \"professionals\": [{\"pk\": 1, \"sort_order\": 0, \"name\": \"Robert Landon\", \"photo\": 1, \"phone_number\": \"+1234567890\", \"website\": \"http://www.robertlandon.com\", \"service\": 1, \"page\": 5}, {\"pk\": null, \"sort_order\": 1, \"name\": \"Another expert\", \"photo\": 1, \"phone_number\": \"+654322124134\", \"website\": \"\", \"service\": 1, \"page\": 5}]}",
    "approved_go_live_at": null
  }
},
{
  "model": "wagtailcore.workflowpage",
  "pk": 1,
  "fields": {
    "workflow": 1
  }
},
{
  "model": "wagtailcore.workflowtask",
  "pk": 1,
  "fields": {
    "sort_order": 0,
    "workflow": 1,
    "task": 1
  }
},
{
  "model": "wagtailcore.task",
  "pk": 1,
  "fields": {
    "name": "Moderators approval",
    "content_type": [
      "wagtailcore",
      "groupapprovaltask"
    ],
    "active": true
  }
},
{
  "model": "wagtailcore.workflow",
  "pk": 1,
  "fields": {
    "name": "Moderators approval",
    "active": false
  }
},
{
  "model": "wagtailcore.groupapprovaltask",
  "pk": 1,
  "fields": {
    "task_ptr": 1,
    "groups": [
      [
        "Moderators"
      ]
    ]
  }
},
{
  "model": "wagtailcore.pagelogentry",
  "pk": 1,
  "fields": {
    "content_type": [
      "home",
      "homepage"
    ],
    "label": "SUMMIT Salon Studios",
    "action": "wagtail.edit",
    "data_json": "\"\"",
    "timestamp": "2020-10-20T13:53:15.339Z",
    "user": null,
    "content_changed": true,
    "deleted": false,
    "page": 3,
    "revision": 1
  }
},
{
  "model": "wagtailcore.pagelogentry",
  "pk": 2,
  "fields": {
    "content_type": [
      "home",
      "homepage"
    ],
    "label": "SUMMIT Salon Studios",
    "action": "wagtail.publish",
    "data_json": "null",
    "timestamp": "2020-10-20T13:53:15.375Z",
    "user": null,
    "content_changed": true,
    "deleted": false,
    "page": 3,
    "revision": 1
  }
},
{
  "model": "wagtailcore.pagelogentry",
  "pk": 3,
  "fields": {
    "content_type": [
      "locations",
      "locationsindexpage"
    ],
    "label": "Locations",
    "action": "wagtail.create",
    "data_json": "\"\"",
    "timestamp": "2020-10-21T13:05:23.210Z",
    "user": null,
    "content_changed": true,
    "deleted": false,
    "page": 4,
    "revision": null
  }
},
{
  "model": "wagtailcore.pagelogentry",
  "pk": 4,
  "fields": {
    "content_type": [
      "locations",
      "locationsindexpage"
    ],
    "label": "Locations",
    "action": "wagtail.publish",
    "data_json": "null",
    "timestamp": "2020-10-21T13:05:23.264Z",
    "user": null,
    "content_changed": true,
    "deleted": false,
    "page": 4,
    "revision": 2
  }
},
{
  "model": "wagtailcore.pagelogentry",
  "pk": 5,
  "fields": {
    "content_type": [
      "locations",
      "locationpage"
    ],
    "label": "My beautiful salon",
    "action": "wagtail.create",
    "data_json": "\"\"",
    "timestamp": "2020-10-21T13:11:11.695Z",
    "user": null,
    "content_changed": true,
    "deleted": false,
    "page": 5,
    "revision": null
  }
},
{
  "model": "wagtailcore.pagelogentry",
  "pk": 6,
  "fields": {
    "content_type": [
      "locations",
      "locationpage"
    ],
    "label": "My beautiful salon",
    "action": "wagtail.edit",
    "data_json": "\"\"",
    "timestamp": "2020-10-21T13:11:36.426Z",
    "user": null,
    "content_changed": true,
    "deleted": false,
    "page": 5,
    "revision": 4
  }
},
{
  "model": "wagtailcore.pagelogentry",
  "pk": 7,
  "fields": {
    "content_type": [
      "locations",
      "locationpage"
    ],
    "label": "My beautiful salon",
    "action": "wagtail.publish",
    "data_json": "null",
    "timestamp": "2020-10-21T13:11:36.461Z",
    "user": null,
    "content_changed": false,
    "deleted": false,
    "page": 5,
    "revision": 4
  }
},
{
  "model": "wagtailcore.pagelogentry",
  "pk": 8,
  "fields": {
    "content_type": [
      "locations",
      "locationpage"
    ],
    "label": "My beautiful salon",
    "action": "wagtail.edit",
    "data_json": "\"\"",
    "timestamp": "2020-10-21T13:28:22.772Z",
    "user": null,
    "content_changed": true,
    "deleted": false,
    "page": 5,
    "revision": 5
  }
},
{
  "model": "wagtailcore.pagelogentry",
  "pk": 9,
  "fields": {
    "content_type": [
      "locations",
      "locationpage"
    ],
    "label": "My beautiful salon",
    "action": "wagtail.publish",
    "data_json": "null",
    "timestamp": "2020-10-21T13:28:22.856Z",
    "user": null,
    "content_changed": true,
    "deleted": false,
    "page": 5,
    "revision": 5
  }
},
{
  "model": "wagtailcore.pagelogentry",
  "pk": 10,
  "fields": {
    "content_type": [
      "locations",
      "locationpage"
    ],
    "label": "My beautiful salon",
    "action": "wagtail.edit",
    "data_json": "\"\"",
    "timestamp": "2020-10-21T22:37:52.509Z",
    "user": null,
    "content_changed": true,
    "deleted": false,
    "page": 5,
    "revision": 6
  }
},
{
  "model": "wagtailcore.pagelogentry",
  "pk": 11,
  "fields": {
    "content_type": [
      "locations",
      "locationpage"
    ],
    "label": "My beautiful salon",
    "action": "wagtail.edit",
    "data_json": "\"\"",
    "timestamp": "2020-10-21T22:38:01.296Z",
    "user": null,
    "content_changed": true,
    "deleted": false,
    "page": 5,
    "revision": 7
  }
},
{
  "model": "wagtailcore.pagelogentry",
  "pk": 12,
  "fields": {
    "content_type": [
      "locations",
      "locationpage"
    ],
    "label": "My beautiful salon",
    "action": "wagtail.edit",
    "data_json": "\"\"",
    "timestamp": "2020-10-21T22:38:08.799Z",
    "user": null,
    "content_changed": true,
    "deleted": false,
    "page": 5,
    "revision": 8
  }
},
{
  "model": "wagtailcore.pagelogentry",
  "pk": 13,
  "fields": {
    "content_type": [
      "locations",
      "locationpage"
    ],
    "label": "My beautiful salon",
    "action": "wagtail.publish",
    "data_json": "null",
    "timestamp": "2020-10-21T22:38:08.839Z",
    "user": null,
    "content_changed": false,
    "deleted": false,
    "page": 5,
    "revision": 8
  }
},
{
  "model": "wagtailcore.pagelogentry",
  "pk": 14,
  "fields": {
    "content_type": [
      "locations",
      "locationpage"
    ],
    "label": "My beautiful salon",
    "action": "wagtail.edit",
    "data_json": "\"\"",
    "timestamp": "2020-10-21T22:48:32.349Z",
    "user": null,
    "content_changed": true,
    "deleted": false,
    "page": 5,
    "revision": 9
  }
},
{
  "model": "wagtailcore.pagelogentry",
  "pk": 15,
  "fields": {
    "content_type": [
      "locations",
      "locationpage"
    ],
    "label": "My beautiful salon",
    "action": "wagtail.publish",
    "data_json": "null",
    "timestamp": "2020-10-21T22:48:32.398Z",
    "user": null,
    "content_changed": true,
    "deleted": false,
    "page": 5,
    "revision": 9
  }
}
]
